time,price_avg,vol_sum,id_count,buy_vol,sell_vol
2022-01-04,59.55463140258497,16355100,4178,2351678.807154927,451463.983512407
2022-01-05,59.75719246031746,17583300,3024,2275050.110517031,490120.875569407
2022-01-06,59.014709595959594,26684400,3960,8428000.051264899,703066.59129752
2022-01-07,58.53858137829912,21422700,2728,5577060.184933138,779427.0501385301
2022-01-10,58.3917089678511,12365300,3546,1410592.3601447446,412293.9944463288
2022-01-11,58.3873121869783,13104500,2396,2733783.1635586275,554935.1611542339
2022-01-12,58.52112417340191,21461000,2722,641518.5230186533,1422161.5153377918
2022-01-13,58.37653846153846,12121800,2600,468486.3892139526,744315.9781839448
2022-01-14,58.214944649446494,14546700,2439,527956.9177681678,649441.3812755871
2022-01-17,58.410991379310346,18333400,2320,406692.0258009113,915789.232510545
2022-01-18,58.27238805970149,14560400,2546,532111.3911974527,692475.0907673377
2022-01-19,57.958809135399676,9474900,2452,384846.9794577403,376609.807848275
2022-01-20,58.27653276955603,17776300,2365,508101.70714116987,705421.2703131099
2022-01-21,58.36635514018692,14519200,2140,631042.1476252518,483836.9947111511
2022-01-24,59.033038585209006,26158200,3110,716695.0984273286,924575.0336627974
2022-01-25,58.80545680767864,21437400,2813,674387.9916748541,922681.8326193796
2022-01-26,59.283670886075946,16609200,3950,511159.3665286225,378238.0350572665
2022-01-27,59.1287837469321,36894600,3667,846408.979011835,892345.6822684256
2022-01-28,61.199016702586206,65971600,7424,1015706.5576463614,1257481.9446225273
2022-01-31,62.33213271103896,34580900,4928,3966563.496333205,925829.8446370006
2022-02-01,62.42051070840198,17442700,2428,2148363.881853409,1009038.0966958363
2022-02-02,62.986528592375365,24718700,2728,2430649.6499213297,859923.134467798
2022-02-03,63.313856589147285,15336100,2580,1103093.9073504996,620526.7700537806
2022-02-04,62.98233372921615,20721000,1684,3234328.7018054407,851940.5256918059
2022-02-07,62.943732193732195,18637800,3159,1838126.914817689,688127.5232583013
2022-02-08,62.67062615101289,29591500,2715,4837051.019763968,999732.298387548
2022-02-09,63.65716803760282,40215500,4255,6423531.468869231,819218.5301197891
2022-02-10,63.95340030911901,24066200,3235,4843332.056025429,1125248.9137795449
2022-02-11,63.747035040431264,24698300,3710,2652746.6275357073,650574.1098797371
2022-02-14,64.10021028793271,12959400,3091,2470165.9415751947,571879.4946528447
2022-02-15,64.27407987470635,14939100,2554,2122053.448743765,781609.550055441
2022-02-17,65.44705073349633,40287800,6544,2400656.9538020827,734975.7909382347
2022-02-18,65.64231242312424,31528300,4065,2111477.77084144,889050.5546160087
2022-02-21,66.62545620437956,50658800,6028,4058664.857854828,817585.6536057012
2022-02-22,66.17259064885496,37904700,4192,4331549.866582722,817088.9191961362
2022-02-23,67.40635984182776,29650000,4552,3428551.861475297,820778.7819930748
2022-02-24,66.31215150932513,47415600,5201,4002415.9600677923,1516492.7682890638
2022-02-25,67.21079167560609,45123900,4661,3414812.6152257826,771843.34201076
2022-02-28,67.6344309866263,37591300,3963,7354912.643495256,1027394.8907169964
2022-03-01,67.90514098201264,37053500,4114,3140779.0104479445,1117102.9043475622
2022-03-02,67.79876071345842,29635000,4317,4933388.532835964,874889.4109918922
2022-03-03,68.6282866836302,24616400,4716,2583098.5345999254,730632.5460387616
2022-03-04,68.09040274207369,26344400,3501,5699481.73376116,815180.1972138328
2022-03-07,65.75075025008336,51355500,5998,5942843.510310981,1125715.0058626619
2022-03-08,65.21809125036096,57619500,6926,3590725.6630130857,1250959.8626670456
2022-03-09,65.84453928905519,45638400,4276,5263725.113770237,1950450.5603003097
2022-03-10,66.10928203094011,23141800,2521,3141673.162220603,1829511.252425503
2022-03-11,65.92405618964004,28377200,4556,3908388.1718984637,673001.8949924619
2022-03-14,66.07439869547493,17831900,2453,2584476.144267802,971495.2034455981
2022-03-15,66.1856343283582,22706900,3484,2575086.3405370843,1171618.449990736
2022-03-16,67.25331174565794,32093700,3397,4017516.292289015,925394.2461952027
2022-03-17,67.92186815593517,21068800,4566,2958807.258414132,593432.7048534154
2022-03-18,67.32198905109489,52528500,2740,34130602.3231679,599025.9140753738
2022-03-21,67.25409441233141,22865000,2076,3834062.6436191974,1153579.038920401
2022-03-22,66.158525621816,38701400,3337,4469795.603196487,1342533.4370068447
2022-03-23,65.2397228277795,33188700,3211,4287148.250916338,947827.273478996
2022-03-24,64.3802400270453,28260700,2958,4120829.8517925534,1170357.0417719744
2022-03-25,64.4545,23685900,2000,3483916.2624322213,657756.5336231102
2022-03-28,64.22444196428572,13445800,2240,4310431.35715148,555192.7301587302
2022-03-29,64.41028656971771,17931900,2338,2679987.6241245205,765565.4734449465
2022-03-30,65.4078592612564,20868300,3709,2242179.3144472213,515040.5385173224
2022-03-31,65.23131846635368,23141300,2556,5651929.174403153,1042002.4387301455
2022-04-01,65.12555697008276,8247400,1571,1859117.1221797462,472686.438529679
2022-04-04,65.39952229299364,11758700,1570,1772660.683491227,520272.1095622195
2022-04-05,65.67287390029325,13746600,1705,1786365.4918690668,425110.4358944284
2022-04-07,65.26841980573325,23070900,4221,2633901.558879397,1015116.3990217824
2022-04-08,66.77214611872147,25951700,3285,2885051.896990179,730714.6130428797
2022-04-11,66.69201631701631,15221400,1716,2742686.8321867883,711595.9624008719
2022-04-12,67.35621630727763,20802900,2968,1157342.1037690595,659402.1457640541
2022-04-18,67.07069757727652,12871800,2394,2539513.11960549,484226.2388269907
2022-04-19,66.72622478386167,22037800,2429,3069409.413572273,818382.2502057209
2022-04-20,67.13326322115384,15438700,1664,2284038.7007344654,679916.8016274468
2022-04-21,65.9735276167226,27299600,3277,3412131.574403813,869831.8614076336
2022-04-22,65.82710417892878,16830000,1699,2793878.5015156213,579381.2472701138
2022-04-25,65.46607611548556,22887600,3810,4543784.755317142,373308.85513642576
2022-04-26,65.81416666666667,28082600,2400,5628896.618314451,778421.7173067972
2022-04-27,65.75216697080292,15824200,2192,2273847.919804247,738687.9183802898
2022-04-28,65.10682883939039,18503100,1706,4121088.4478397975,874576.5966810967
2022-04-29,65.33205213903743,14485600,1496,3863317.732904107,434646.4563214563
2022-05-03,65.13254817987152,15138900,2335,1273869.6682712585,540467.2657729852
2022-05-05,66.42611683848797,18695700,2328,1976131.7367643076,594907.0667775436
2022-05-06,65.2979233226837,22110000,3443,3657827.0203129784,504075.82398407446
2022-05-09,64.58405671296296,15528400,1728,6160064.365852892,681844.8666666385
2022-05-10,64.21788159484494,22547000,2483,5472051.862261383,567245.9384433774
2022-05-11,63.85055812163203,13531700,2598,3196438.312946112,796122.4403970639
2022-05-12,62.87363560033585,35470100,3573,4011478.1231448594,908285.5837315982
2022-05-13,63.36790293040293,16993700,2184,3148604.946109648,716100.0110044796
2022-05-17,63.59178885630499,27806200,3410,3875330.0284471726,816869.1005109681
2022-05-18,63.99653337633021,20772700,3101,2860302.6214691643,503231.13558917854
2022-05-19,64.02876676986584,20221800,1938,3874274.917675161,779039.3336395214
2022-05-20,64.68867768595041,25225800,3025,2599521.1737395963,867792.6269211973
2022-05-23,64.81146408839778,20903100,3258,4351585.852722578,585096.5752445045
2022-05-24,64.23934875228241,20107800,3286,2335821.299513575,975510.8858857017
2022-05-25,63.82616918844567,23895600,2908,567461.188660559,1059919.5625367167
2022-05-26,63.7021463757917,8461900,1421,622308.1548450666,615453.9678948503
2022-05-27,64.69013157894737,13933700,2280,349097.5114647376,537214.3325260471
2022-05-30,65.77530097817908,17274600,2658,2498120.475755659,851224.3483534366
2022-05-31,65.5619216113228,27951700,1837,16866288.260347843,820830.0513521567
2022-06-01,65.77838758516276,9510400,1321,2402285.3224141086,412916.70402473345
2022-06-02,65.34272727272727,19462600,1650,4053062.3280578293,947268.2443724881
2022-06-06,64.70175159235669,11968500,1570,1313484.1370816093,441099.2031192322
2022-06-07,64.11039831482191,13362900,2611,1843262.8571428573,598505.6778546678
2022-06-08,63.72838936091615,21141900,2707,2269568.8067691866,616255.0141146588
2022-06-09,63.42896354852876,17992700,2277,2169012.7780607194,739052.8720238562
2022-06-10,63.52302393038433,9552400,1379,2260062.261579278,552158.6795496446
2022-06-13,62.55470914127424,23144400,2527,4727298.987730265,1235642.2385435812
2022-06-14,62.13904694167852,21158700,2109,2321989.8333162554,878777.7713788586
2022-06-15,61.21999620205089,38241200,5266,3894174.901452965,1039348.9290236012
2022-06-16,60.65644038294169,37261700,3447,7033385.173985736,993726.7897796839
2022-06-17,60.024937482634066,44633100,3599,13826348.178545753,1240456.458868487
2022-06-20,60.08986508191455,29635400,3113,3970451.9454690735,1680398.3880406371
2022-06-21,59.858536585365854,18986400,2050,3082637.098212495,665245.5252643693
2022-06-22,59.015359859567,23586800,5127,2530577.6469058567,442623.43920607306
2022-06-23,59.36944314459523,10437100,2137,1846724.5539899305,607605.1411545197
2022-06-24,59.40956790123457,25596300,2430,3755521.6735692825,895939.3588445438
2022-06-27,60.3541598960026,23734700,3077,5014976.707574023,569895.9747597486
2022-06-28,60.70918367346939,27419700,3626,4311283.239303904,662052.492187214
2022-06-29,61.00740441572429,26553900,3714,3274177.3360553076,795922.5972575216
2022-06-30,60.843652715323415,29630500,2891,6793662.2279716935,874857.6477771095
2022-07-01,61.71121332670313,29062500,4022,3399491.241980579,753522.0136571332
2022-07-04,61.64991974317817,10460100,3115,2058843.211614094,465483.29598524043
2022-07-05,61.16318681318681,30715700,2730,3463596.5229736622,1347643.8349343105
2022-07-06,61.49489671931956,24308800,4115,3151822.7290227595,683275.1335387055
2022-07-07,63.59470348087667,44512500,4654,5643768.896911917,726588.7055438834
2022-07-08,63.37525354969574,12908200,1972,2789750.832162305,611923.6472254681
2022-07-11,62.71825396825397,14090200,1575,2603109.1095739584,586557.2004466122
2022-07-12,62.45211226851852,17119800,1728,1749339.35892177,752133.8693508962
2022-07-14,61.36598964555954,18507500,2511,5121714.529478458,741922.2664079915
2022-07-15,60.83247605533877,21752200,2819,5804546.896161258,434763.80816263246
2022-07-18,61.34445585215606,16200600,1948,2738106.437192918,620424.6375308082
2022-07-19,60.93312284730195,17419100,1742,2136192.2065201355,900948.5411388107
2022-07-20,59.93184224457385,39620100,3778,5686627.852483787,603874.4369455362
2022-07-21,60.443218954248366,18413900,4284,2733577.283154344,391323.8404982555
2022-07-22,60.88404522613065,15747400,1990,2259434.44724181,579458.4301533526
2022-07-25,61.37012987012987,10426900,1463,2450885.5874434826,516080.83315213455
2022-07-26,60.358944050433415,24032400,2538,3333930.3178181946,911726.8149579923
2022-07-27,60.64818381948266,15780900,1817,3138794.6723682196,844737.1263760506
2022-08-01,59.77606239057775,51217800,6283,5500413.278563492,773860.5062842227
2022-08-02,60.04826443057722,25332400,2564,4637476.884597802,597624.676652851
2022-08-03,59.738324420677365,18013100,2805,2304069.894155112,630316.1580527743
2022-08-04,59.89603645612548,18009800,2359,3969253.116139737,1140463.8678126086
2022-08-05,59.9311345646438,12361400,1895,2596928.7902439837,477813.8868820993
2022-08-08,59.904233553666984,27774600,3177,8745381.967889208,649388.8839030823
2022-08-09,60.59648688767937,16211900,2021,3784073.842008423,616867.1006076207
2022-08-10,60.847926829268296,18794700,2050,4371635.5462410115,686959.8497747463
2022-08-11,59.86391581079126,52825600,6913,5239941.511856658,1088704.5391541498
2022-08-15,59.58267883676502,44494800,4711,3866762.1412914046,806222.2422586255
2022-08-16,59.55380938586327,23517800,3452,5637445.281216691,698928.3949222303
2022-08-17,60.23,32504900,4550,6268070.643868535,723702.788317806
2022-08-18,60.99263080324245,15816800,2714,3221151.7914674133,549875.6045344425
2022-08-19,61.19639210347175,19341200,2938,4080346.1502415203,654350.2426498826
2022-08-22,60.85165635238442,13125100,2747,3858691.435312648,423912.09092665854
2022-08-23,61.117912575229646,18034500,3157,2782421.2339502983,460407.5377339501
2022-08-24,61.655313351498634,16261500,2202,2203150.2654073266,578032.2492793484
2022-08-25,61.68935873605948,14368900,2152,2513871.7113115643,702927.9442135668
2022-08-26,61.6842277486911,13433800,1528,2738223.844847911,353981.63955946214
2022-08-29,60.44291995148575,19801400,3298,2938064.44809679,578690.926574511
2022-08-30,60.799919484702095,19269900,2484,2476222.3706521676,527732.8073340856
2022-08-31,61.19762757385855,20982800,2234,10091208.219830774,361381.11593918473
2022-09-01,60.66650471960022,30250900,3602,2098569.6580798402,590508.602498206
2022-09-02,60.14145636971724,26799700,3289,3847291.224956585,540934.9161713836
2022-09-05,59.643437167199146,27724500,3756,3076252.2639641287,961235.8214037368
2022-09-06,59.52898832684825,29090600,2570,4023744.8538427516,550322.0465185855
2022-09-07,59.92994821634062,14398500,1738,4702009.980589585,302175.8385758386
2022-09-08,60.64340373431283,26242000,3267,3568115.044302946,660810.7406114242
2022-09-09,60.333048676345,20393200,2342,3580832.7377938563,580585.0178192552
2022-09-12,60.391331658291456,14422500,1990,2367912.9593417095,528896.3267764488
2022-09-13,60.33046181172291,13586400,2815,2844431.0114468164,553704.9510169174
2022-09-14,59.823074335687856,22540400,2973,2985438.0669418713,817106.2467060413
2022-09-15,59.62716049382716,14807800,2430,3500863.6115328777,658563.7263021859
2022-09-16,59.22792511700468,36237100,3205,15129592.173770951,1141118.6738931194
2022-09-19,58.353914405010435,33090900,4790,2891777.256730085,567016.0800007365
2022-09-20,58.26659356725146,53999000,6840,6210832.63586213,746370.2338113901
2022-09-21,57.88065683992759,28090600,3867,4842348.923842187,532168.49959879
2022-09-22,56.937888971869555,56249000,8034,5365816.005430868,1268367.3941922346
2022-09-23,56.8750645994832,26654900,3870,3110708.858576596,550654.9250102505
2022-09-26,56.23100020708221,33251100,4829,4111386.7747277953,1008956.4377096207
2022-09-27,56.63032824253476,24101600,4387,2660235.5724110994,665084.9502602658
2022-09-28,56.5086423896627,41096100,5959,5469653.297999365,657764.625509475
2022-09-29,56.611129458388376,41835600,4542,4654465.197561024,722146.7666007485
2022-09-30,56.395013342228154,21333200,2998,6327223.344875024,398183.7326074165
2022-10-03,54.581336053034164,62953000,7844,5579410.101840051,1485024.6952353255
2022-10-04,53.5508,43459000,6250,3144558.595028429,788198.685442897
2022-10-05,54.76872852233677,28256500,2910,3454014.890494069,810777.9687719739
2022-10-06,54.666495901639344,24564400,2440,5967167.545660447,621801.6374005611
2022-10-07,53.94330183435242,10685200,1799,2802425.4551271796,400690.08424645365
2022-10-10,54.70780477316706,50531500,4651,4232270.111578908,895478.2440507357
2022-10-11,54.984671125975474,35956200,3588,3901161.4253392434,1235984.8878572844
2022-10-12,54.935101375814625,11986000,2762,1918175.868922709,195765.938020313
2022-10-17,56.07983308877476,52251500,5452,6617663.290878535,692033.8652887271
2022-10-18,58.03040416971471,51093500,5468,4880615.905960171,828964.6951517819
2022-10-19,58.25,20507600,3541,2947500.3618072607,462135.64352228056
2022-10-20,58.130011058888584,23050000,3617,4533301.675192419,693560.8349578273
2022-10-21,58.32867231638418,12285900,1770,2789989.882246377,611958.0581738523
2022-10-25,58.60453040337146,17435500,3322,4214591.301449286,489161.2944956695
2022-10-26,59.253786008230456,25114900,6075,2364457.8634772836,464508.2924175569
2022-10-27,60.233066666666666,25852600,3750,4547410.122149005,697215.3242612772
2022-10-28,60.03279235215651,22334900,2249,3766034.3232799433,650651.1434789912
2022-10-31,60.00173130193906,24112700,2166,6838474.8432873655,977961.3640230737
2022-11-01,60.41927453769559,17562500,2109,4104860.8434572825,781564.37486928
2022-11-02,60.87090947726307,17611100,2353,4433742.02085394,546322.7935607868
2022-11-03,60.59865134865135,8770500,1001,2148665.426890209,750753.5464535465
2022-11-04,61.06991116261105,22535200,2589,8670599.530491993,605089.3330383926
2022-11-07,61.020027089783284,19480500,2584,6883145.363775989,416207.51747398154
2022-11-08,60.93809849521204,12615600,1462,2916105.4976404966,494005.26629072684
2022-11-09,60.95352472996021,18960300,1759,4250526.850132395,774057.9121779102
2022-11-10,60.55472467709041,13478300,1471,3004421.118043611,471955.30405121634
2022-11-11,61.190137307434696,24384600,2986,4584043.695368223,580372.0646114338
2022-11-14,61.353931772188496,24391400,3459,2570474.7561198603,716685.3796689311
2022-11-15,61.25646663217796,12587400,1933,2604502.7515025246,585282.171527303
2022-11-16,61.24212683347714,16292500,2318,3041937.062001055,843110.3980820053
2022-11-17,62.02292699414151,43093600,4438,4679039.655169701,882947.2372503577
2022-11-18,62.878948225333765,29794200,3071,3666197.4629589235,598889.5073449961
2022-11-21,62.75681171207808,18041000,2459,3542330.6463575945,413063.8899202943
2022-11-22,63.28125,13086500,2512,2692498.824294349,381830.86175622465
2022-11-23,62.613560885608855,23263300,2710,4693774.597868457,834802.4960067509
2022-11-24,62.9454253611557,13649600,1869,2975320.4117108616,494056.157585966
2022-11-25,62.84730344379467,8857100,1539,1667305.942342394,519182.8253968254
2022-11-28,62.59508852084523,8931000,1751,2379465.5929792887,570705.2773266631
2022-11-29,62.83085370173574,29660400,2823,4276692.1395798735,723884.9548995872
2022-11-30,63.78252452245741,37448200,1937,19571444.244854514,833832.6231691482
2022-12-01,65.36939258846475,39364100,3589,3765900.1619392643,978302.6856574483
2022-12-02,64.3713649462929,23447200,3817,2811685.5435148766,731285.1181320655
2022-12-06,64.07683645183646,25501700,2886,9395148.547132207,1028099.4507674058
2022-12-07,64.53578680203046,25015900,3940,3971163.1699235514,1293720.4075343667
2022-12-08,64.5076377523186,11405300,1833,2276338.2178876917,933164.5349011099
2022-12-09,64.5400826446281,11399300,1815,1761038.476468679,631425.0303142105
2022-12-13,65.2048051418078,29029000,4901,5107658.61147249,818326.2656730494
2022-12-14,65.6692844677138,22165000,2865,6472573.339306221,863354.9264310085
2022-12-15,65.32200082169268,25289900,2434,4097113.0239091935,995220.0131662502
2022-12-16,65.37469623329284,19432300,1646,8302804.720422296,612923.13124074
2022-12-19,66.02622039632672,10737100,2069,708259.2504900167,504460.31119145156
2022-12-20,65.3930119176598,20532400,1846,512800.57669454726,1079037.7508167922
2022-12-21,65.80200789993417,12339600,1519,828349.1517008018,432421.4285714286
2022-12-22,66.03318230277185,9995100,1876,574627.7908112039,407400.1939519381
2022-12-23,66.22013782542113,7114300,1306,530009.6580231241,481844.8005039336
2022-12-26,66.21986970684038,6220000,614,587319.1666666666,428022.46031746035
2022-12-27,67.23185335298453,26141200,2714,1253377.6161507266,512935.74494949495
2022-12-28,67.55917808219178,16029500,1825,830139.720519959,458330.44326763065
2022-12-29,67.75196648426812,19398800,2924,765880.8953790051,434610.2586050787
2022-12-30,68.35375131164743,19002000,1906,1050348.214290745,611761.3711000852
2023-01-03,68.82985257985258,27891600,2849,1077736.5281502823,653139.7639891979
2023-01-04,69.4014423076923,20326800,3120,494920.85965718597,715607.5307718525
2023-01-05,69.26790235081374,14476300,2765,608836.9014004739,852342.774244088
2023-01-06,70.27226269985833,29701100,4941,440820.3849964425,987720.7888842084
2023-01-09,72.61953674905877,47036700,6109,777473.6279787604,1007369.9842244772
2023-01-10,71.73571806400423,37524800,3781,787068.6450184064,966906.979080811
2023-01-11,68.80201821147051,57946300,7358,738024.35692574,1182041.9925564323
2023-01-12,68.29246245132579,25720900,5393,608861.5962352505,640255.5050743489
2023-01-13,68.32205073349633,18148900,3272,609326.5395484739,563808.3921678012
2023-01-16,68.23086956521739,18593600,2300,554338.2603799709,494852.93510659557
2023-01-17,68.72894342048865,26439300,4666,738206.0122782731,444302.0644928172
2023-01-18,68.12221927966101,22338600,1888,1216591.550871524,731643.3736332225
2023-01-19,68.58619550858653,18585000,2271,708338.8074180401,660973.5026347555
2023-01-20,68.00705609146124,23682000,2799,478561.5714172897,998732.1401615436
2023-01-23,69.00918836140889,21562600,2612,538659.6389616589,687292.5989562832
2023-01-24,69.88722178060414,20266900,2516,730685.217170386,863326.2031140685
2023-01-25,69.79939626783754,20931000,2733,642864.9141579597,884879.181497729
2023-01-26,69.42004906333631,23696500,2242,1018491.0489240615,1240213.639404657
2023-01-27,68.73893289841565,18765000,2146,585570.1033834375,694765.2713534539
2023-01-30,68.58931552587646,22221700,2396,1106259.7930738272,349837.5292018974
2023-01-31,67.10553313151699,48996100,5946,577205.1941059575,1338823.68544334
2023-02-01,66.95435435435435,33068000,3330,1079122.7208874961,859156.3632029244
2023-02-02,67.21664493698393,12640600,2301,339396.84301809303,643178.598794193
2023-02-03,67.36196707471507,9732100,2369,403177.70314349694,329947.3015873016
2023-02-06,66.88626476072095,17317400,3218,385677.09489135706,560960.7606310956
2023-02-07,66.77307692307693,16845900,2275,440633.34878522827,784647.4935750702
2023-02-08,66.90563821456539,7880400,1277,312918.6568986569,363071.2274926693
2023-02-09,66.57513416815742,16828100,1677,659080.4898696075,1010301.9280459005
2023-02-10,66.94817470664928,12494600,1534,605888.0036325231,414378.9333078224
2023-02-13,66.98291925465838,9110200,1127,770743.167510402,499681.467904855
2023-02-14,66.92610062893081,7257200,1431,401835.35539215687,438301.3950731808
2023-02-15,66.1925407925408,21092300,2145,588588.2092141436,669940.3472285056
2023-02-16,66.27319427148194,16186400,1606,562824.1073831742,502249.02758178994
2023-02-17,66.19907407407408,7606400,1566,257392.55046255045,480950.3387078871
2023-02-20,64.73079371816638,40938300,4712,713201.7815784309,1032311.1222871635
2023-02-21,65.17618970540629,39407200,3089,997142.6922607402,1054117.8260265875
2023-02-22,66.51723697650664,39296900,3916,1161219.236231926,842738.5354325299
2023-02-23,65.31074856046065,22698600,2605,766103.6993647573,829110.953812396
2023-02-24,62.06740468025015,98522000,9914,1194799.932393273,1434939.8584023057
2023-02-27,62.26662457912458,31977100,3564,1175260.0656073424,852612.3131574446
2023-02-28,62.3633148054573,23846300,1979,477417.46745197556,1005104.6871282529
2023-03-01,61.38933571641346,36816400,3357,673880.9287974528,1197317.6642586514
2023-03-02,61.928728760226555,30826900,3178,962721.0901930501,710166.8188680605
2023-03-03,62.04345623987034,20900200,2468,611009.0164679589,693575.5735190179
2023-03-07,62.604281225451686,18401000,2546,508617.16281067295,756146.1651342344
2023-03-08,62.11705288175877,20026500,1683,603670.3872750107,631236.4317121829
2023-03-09,62.94606664376503,33034900,2911,1313971.56475332,1119195.6985693115
2023-03-10,61.979717156680316,20766400,2687,458520.0800825191,777851.2545048983
2023-03-13,62.3904378742515,23072300,2672,619310.8353558407,896663.2304343916
2023-03-14,60.496977475985425,54637700,6038,828100.422191465,1207248.5966945377
2023-03-15,60.96609686609687,30729000,3510,783293.937833041,1093549.90036125
2023-03-16,60.6306275579809,23314000,2932,603918.4391676165,849884.3734456096
2023-03-17,61.14465087790935,35282800,2449,711608.1576562506,1036752.6118607775
2023-03-20,61.31075316269491,28930300,3399,989947.2958832816,682434.8928599057
2023-03-21,62.661112882653065,39546300,3136,858566.223641041,927819.6625581072
2023-03-22,63.340390879478825,24002300,4605,618902.366196185,599353.5948397407
2023-03-23,63.39187935034803,24643300,2155,1013035.9420729933,486774.27912468195
2023-03-24,63.00722789115646,28665900,2940,1398221.170289525,1983278.4275142886
2023-03-27,62.809102015882715,15436800,1637,1555595.5879356973,661895.7203417497
2023-03-28,63.140775034293554,13823100,1458,496069.65510093706,514743.260758849
2023-03-29,62.830257936507934,34892700,2520,988780.8934477819,718734.0294244139
2023-03-30,62.57512795515476,22237100,4103,626412.0953899901,670144.1042879904
2023-03-31,62.27200647249191,20333000,1545,454843.2168104441,1077768.6520601225
2023-04-03,61.97952825990209,25481300,2247,625977.3563245498,1320563.3055473675
2023-04-04,61.50052938062467,17752500,1889,615122.3649131146,743452.2863781918
2023-04-05,61.61450729927007,34980400,3288,810238.558204303,851872.3619222014
2023-04-07,61.12685691946834,9689100,1279,441519.8268398268,570553.613649478
2023-04-10,61.852192540322584,27676400,1984,1204659.4734899572,888907.4958796708
2023-04-11,62.14441921606119,13609200,4184,321637.43241935445,469164.1106497911
2023-04-12,61.872305140961856,15074900,1809,667364.6406792382,920771.4644364371
2023-04-17,62.38579474342929,23753600,3196,690723.5547267821,714160.1705142508
2023-04-18,62.89041994750656,15322800,2286,563202.329038367,616945.5930099313
2023-04-19,64.11127503576537,41103100,5592,734272.4761970888,935437.7419888631
2023-04-20,63.81068439192516,10673400,2031,607122.7821788348,505797.42174492177
2023-04-21,63.296325878594246,19035100,2504,615744.5711379021,690327.3051143249
2023-04-24,63.22083172891798,14471800,2597,477634.51244447543,555922.0372629737
2023-04-25,63.83585456475584,14669500,1884,409276.0807944373,700008.5812035968
2023-04-26,64.12768176400476,14098100,1678,452833.5437163706,515366.04899651377
2023-04-27,64.28272450532725,12726400,2628,362775.5224713757,533661.5531697393
2023-04-28,64.44069478908189,20606700,2015,720068.5159181524,833625.203114996
2023-05-02,64.61020861833106,16731700,2924,673288.3424969187,585527.7326241201
2023-05-03,64.45287107258939,20264800,2769,699847.1405041078,518547.4254497471
2023-05-08,64.64990436722984,31925800,3137,1043996.9068869604,764852.1392049397
2023-05-09,65.6790147913365,24545200,3786,1091260.4965124663,584301.4013769093
2023-05-10,65.76037181996087,18048500,2555,886874.8167767983,833101.2860375051
2023-05-11,67.04323481874856,23552200,4331,844243.7942276378,509105.7249881648
2023-05-12,66.20679340600904,30574400,3761,684615.9190010885,961257.8975850241
2023-05-15,65.30018137847642,43088700,4135,911496.4450993459,1106318.8523114868
2023-05-16,64.44803539292141,34904900,3334,895714.9790383216,988855.3866049274
2023-05-17,63.10180722891566,48161700,4565,955034.6479377194,1276402.5104667547
2023-05-18,62.818158369873615,36693400,3877,967445.7799924756,686369.275992977
2023-05-19,62.00155076722168,29076600,3063,929572.4662568421,947477.1076184111
2023-05-22,61.522765837104075,37549500,3536,995539.4065913062,1118472.2083324606
2023-05-23,61.88857354392892,28064200,2026,757644.9275370137,909603.6991186766
2023-05-24,63.24445027093166,42523800,5721,1022470.386350238,895980.4679976007
2023-05-25,62.876579778830965,25535700,2532,782071.8266965373,727009.3777868085
2023-05-26,63.09300116890707,21777900,3422,598856.8746819876,965439.6708196539
2023-05-29,63.39977297008547,20259600,3744,546483.1153203154,858678.2142007537
2023-05-30,63.27993000241371,29014000,4143,803478.7963863899,892394.4255457545
2023-05-31,63.175354330708664,87728900,3175,1652682.8873648997,871862.6086839574
2023-06-01,63.00505882352941,23526100,2125,1001856.4750362914,1062828.2349816943
2023-06-02,63.3382012724118,11003300,1729,809151.8264922161,714282.6162050705
2023-06-06,63.144471153846155,14480700,2080,792954.7343657458,730789.1187723095
2023-06-07,62.35609567901235,41617700,2592,1137708.0624930626,1109376.940420196
2023-06-08,62.65501888828926,30039000,1853,682878.0051314912,627856.1421117906
2023-06-09,63.18166135881104,10551300,1884,297191.0064935065,489652.1271783772
2023-06-12,63.683902190524705,15668300,1963,506836.0047160047,522479.3922562208
2023-06-13,63.98018414731786,14779700,2498,415234.3541324877,426015.7166746297
2023-06-14,64.41432498472817,10578800,1637,515183.6382428941,728529.4616977226
2023-06-15,64.21827217125383,19582800,1962,934606.0757577064,796112.8716350923
2023-06-16,64.26402223345124,29082900,1979,669503.9409677116,928045.739622135
2023-06-19,64.20273348519362,6913400,878,347147.0634920635,554809.6529932056
2023-06-20,64.18107333060222,16006500,2441,702261.5848040849,672267.6393363937
2023-06-21,63.346657633243,16572500,2214,346557.28446674097,705193.9267057042
2023-06-22,62.35331464379947,34453400,3032,833498.6259261364,938094.5901623557
2023-06-23,61.75068870523416,9852300,2178,262040.1723236506,733554.0703740704
2023-06-26,61.986546499477534,12854100,1914,479997.4935108116,479356.36407284107
2023-06-27,61.75684731934732,16513300,1716,857896.4864526746,851869.7996031746
2023-06-28,61.766388729154684,12681200,1739,875977.1637722852,458586.6281003048
2023-06-29,61.144446275543835,20318900,3034,485472.1193263042,1158414.6466184433
2023-06-30,62.47362956810631,27521800,2408,1414446.2988590377,534775.2947869124
2023-07-03,62.577466318991746,13501900,2301,583134.3488961105,433411.8378569581
2023-07-04,63.38940329218107,16077500,2430,826367.5156102962,524387.033849286
2023-07-05,63.28864353312303,11520900,2853,378880.9899255693,353143.96266032045
2023-07-06,62.524633363886345,8494600,2182,424296.81216931215,325342.1596065559
2023-07-07,62.95387053720387,17729100,2997,482278.0797742683,597451.4472377213
2023-07-10,63.27180767209669,17133600,1903,700923.8327523925,585818.9950214421
2023-07-11,62.72102917341977,19204400,2468,365182.1316858572,831024.623206971
2023-07-12,62.77813463514902,20591500,1946,484103.7211199317,1012827.3112364073
2023-07-13,61.56925560842964,34864800,2942,975435.0308067854,915449.5314001283
2023-07-14,62.266179540709814,18498700,2395,662397.7034237527,608294.9454332455
2023-07-17,63.25188637372393,27497700,2253,751284.3242778186,926385.6776280185
2023-07-18,62.98820297349709,15992500,1547,661809.3181868545,609511.3789895324
2023-07-19,62.8126347563605,32573400,2319,802421.7589662693,831008.6610290257
2023-07-20,63.09876347495244,21214400,1577,716198.0128692006,720596.4255636369
2023-07-21,63.031220657277,13115100,1065,561721.5516088658,719958.1676450485
2023-07-24,63.193826274228286,9267100,1393,353218.4047978166,512291.28976298065
2023-07-25,62.19221798134012,27125400,2358,545311.1916261695,1185718.2437954964
2023-07-26,61.6720297029703,15695700,2020,377544.2689573069,501976.0981012452
2023-07-27,61.98904006046863,25719600,2646,815559.4556385914,625689.5409264792
2023-07-31,63.20004137360364,18879500,2417,757120.5731819939,508463.89025171817
2023-08-02,63.04030373831776,23636400,2140,750845.5293666145,787016.7741593631
2023-08-03,61.82915122937016,24810100,2969,3608082.0123603214,926426.4302070368
2023-08-04,61.10191403626595,27806700,2978,526816.5690591356,760055.7922146929
2023-08-07,59.97676676158426,30350900,3863,576547.8365207328,740207.5875364495
2023-08-08,59.261639865370235,33677500,5348,707772.2569823745,657344.2757515986
2023-08-09,59.0552451893234,32950500,4833,730157.6591957367,763847.93948193
2023-08-10,59.35481659238944,32549100,2917,1170199.2351784548,839247.0413225287
2023-08-11,61.52527689873418,73144200,6320,1071855.0284185677,1341123.8122003942
2023-08-15,61.92069729947602,26021900,2481,1264573.6423900994,903473.7781943016
2023-08-16,62.0949065242274,32215500,2621,1393561.9602960588,1325929.5278356862
2023-08-17,62.418681318681315,23086600,2275,830001.9846922235,544217.6315789474
2023-08-18,62.08008385744235,22276200,2385,505378.19571172155,937448.4519675203
2023-08-21,62.44457245263697,26598400,1953,1107477.7996105612,829226.770869204
2023-08-22,63.945860745614034,51504800,5472,1011360.0319398381,1124801.5334531358
2023-08-23,65.80699434055119,62995500,8128,1021320.0967419258,1154086.9854832445
2023-08-24,65.65868034292713,23965000,3266,501389.5439745959,750651.1067120265
2023-08-25,65.09901685393258,18268700,2492,623577.971318952,647813.2597514573
2023-08-28,65.55846269404107,13416300,1997,487129.37524215825,470258.4024919841
2023-08-29,65.60006842285323,15954400,2923,701892.7627187175,511378.6565278136
2023-08-30,65.63718018508438,19439500,1837,979659.9180005842,730147.1311398908
2023-08-31,65.20748212461696,28806000,1958,542670.5087679797,718643.5455366677
2023-09-01,65.21232020012508,12842800,1599,590349.7014827278,446454.4343253458
2023-09-04,64.66400098425197,16884600,2032,681284.1149591149,604629.8685997323
2023-09-05,64.06309148264984,15109000,1902,325666.07503340906,735564.5362992242
2023-09-06,64.1793427230047,12977400,1065,824544.1739718042,357960.3359222477
2023-09-07,64.3542600896861,15174600,1115,1389828.500025623,648875.1625262637
2023-09-08,64.28917662682603,12396900,1506,497645.46653346653,649146.3446684894
2023-09-11,63.923088322465915,11370800,1687,429441.74093899666,612545.3205128205
2023-09-12,64.36402180496668,16493500,1651,928616.2631987922,777732.1471459398
2023-09-13,64.05771072796935,11015700,1044,546468.6665441837,434746.88552188553
2023-09-14,64.03491436100131,7601600,759,267553.10292777396,536907.2502334267
2023-09-15,63.799171062547096,27034700,1327,921620.9169991228,542264.2364266558
2023-09-18,63.51248874887489,12307300,2222,370488.24640114116,374599.08794515056
2023-09-19,62.950892857142854,28338700,1792,619087.9485149238,815289.2168109668
2023-09-20,61.169170808856755,35934400,4426,542632.1417169477,1234756.404803509
2023-09-21,61.41921454928835,16817600,1897,705939.6452998939,1081374.1248013193
2023-09-22,61.47235363690124,20757500,1691,748111.7879574159,806890.2782666998
2023-09-25,61.255208333333336,8744100,1056,385296.506656426,693246.8851507457
2023-09-26,61.14180722891566,10149800,2075,406585.7925392744,297098.8102869353
2023-09-27,60.67960908610671,13325700,1893,570934.3161998077,447258.18019091105
2023-09-28,60.569976359338064,14873500,2115,420768.62922895816,379912.92145898764
2023-09-29,60.62275583482944,19610100,2228,760110.317391016,694356.7878911642
2023-10-02,60.78764204545455,10532900,1760,514962.08261403034,473537.0181962287
2023-10-03,59.93181068601583,22280800,3032,615830.5169063405,929774.5402760133
2023-10-04,60.235695587135375,25089600,2674,881610.4894640436,794515.9256581268
2023-10-05,60.602876712328765,12273500,1825,441940.04266853625,483590.33952465194
2023-10-06,60.87878445549028,12741900,2213,237814.96646327528,467445.50956374116
2023-10-09,60.05302070130968,16551800,2367,537265.4549877677,813114.3643491908
2023-10-10,59.483958462492254,21111300,3226,370877.8810212163,772898.6788311898
2023-10-11,59.45159275452842,19516700,3202,621609.9850492775,668725.4687175794
2023-10-12,59.7697807435653,14435000,2098,567300.837964856,613530.4036086067
2023-10-16,57.69168083900227,63827800,7056,632948.5731524772,1569414.5883914933
2023-10-17,57.86380674718867,22757300,4802,549721.1794562071,864399.9443259715
2023-10-18,57.28001191540066,24130200,3357,769917.445674737,1349583.9854301221
2023-10-19,56.38327183271833,23207000,4065,543282.3205293195,937843.3034702118
2023-10-20,55.90369799691834,24404300,3894,535548.9153818933,803249.8396568031
2023-10-24,56.09077791718946,21599700,3985,517022.8704517256,796918.0762133669
2023-10-25,56.74910873440285,18036100,2805,805352.3026016501,436198.991321453
2023-10-26,55.418864753038534,18030000,3867,366396.74074723996,599928.770007306
2023-10-27,54.43175222202068,33712700,5513,638653.3633276875,1148014.5369745197
2023-10-30,55.808330452817145,15873400,2893,642195.6542184819,517862.5724012158
2023-10-31,55.363367609254496,9967900,1945,413068.28880699625,464210.2151720583
2023-11-01,55.50334718374884,15061700,2166,555067.9368886013,462740.47707126307
2023-11-02,56.471622152395916,19194000,2546,499961.8198402373,652418.132196702
2023-11-03,56.62047713717694,24972600,2515,903017.8492172207,821991.8828393829
2023-11-06,56.67851667305481,23534900,2609,546123.2039439884,628993.7018136816
2023-11-07,56.03603391427226,19989800,2123,412174.8073847153,838049.65451151
2023-11-08,55.98480662983425,11154200,1448,231873.77946127945,773465.7901163164
2023-11-09,54.807972837022135,27279000,3976,567237.783456696,904760.0163281675
2023-11-10,55.760092272202996,38771600,4335,858451.7296634809,898612.0578336552
2023-11-13,55.68280016618197,24996500,2407,600620.5420313197,878754.8115249829
2023-11-14,55.144288577154306,23864100,2495,717685.2087123826,624021.9460116214
2023-11-15,57.023294297352344,37562500,3928,1022869.6604018329,754205.6503745994
2023-11-16,56.8935390385271,17234200,2933,635326.5361814534,585396.9925186607
2023-11-17,56.90085334104715,37322300,3457,1061542.3405824231,1594413.270343971
2023-11-20,55.886356262167425,21993500,3082,4047636.491081778,814474.8369188413
2023-11-21,56.32343049327354,15900300,2230,610591.0809570871,790723.4081813946
2023-11-22,55.894301994302,11809600,1755,605737.3051163811,767728.9565259302
2023-11-23,55.34831144465291,19414400,2665,618529.078113811,706063.2454883319
2023-11-24,55.13528880866426,13034900,2770,480956.4700174551,614138.0858115944
2023-11-27,54.751959247648905,16645200,3190,607277.3315546633,658330.7760135029
2023-11-28,54.81268861454047,24594400,3645,929947.1600669269,601772.6253432124
2023-11-29,52.91432191541419,80349100,11444,702716.1946863334,1816587.285094503
2023-11-30,51.58204284423797,82524900,7749,986082.3412933495,1574229.387126055
2023-12-01,52.84351933864777,25227900,3387,724373.109869284,669579.8305572136
2023-12-04,53.29871912168344,20285700,3279,926498.1840204713,609464.227245614
2023-12-06,53.23908480268682,27443300,2382,696350.3843974146,544367.4521804071
2023-12-07,53.24201981287837,18811000,1817,507806.18964368966,588486.3199938681
2023-12-08,52.82672482157018,22049100,2522,688712.621882948,951894.6630447435
2023-12-12,52.61491132826638,25092300,2763,822740.9083268382,935616.3449541623
2023-12-13,51.41607869742198,39488600,3685,847278.5067421722,1004833.230804373
2023-12-14,52.64719837324898,47318500,4426,1246650.1317905022,1213163.3609934608
2023-12-15,54.06599861782999,58252000,4341,1150701.4951839691,845372.1757934871
2023-12-18,53.64489235964542,17553000,2369,942737.7439246045,629151.5953991917
2023-12-19,53.9118838028169,11898900,2840,710337.6039521322,346752.3828210218
2023-12-20,54.8192099932478,20656500,2962,910910.6720376337,754975.584105437
2023-12-21,54.93285784554845,16576200,2033,732372.8378858697,485350.5184404967
2023-12-22,55.207046070460706,11497900,1845,596611.8030468477,541436.1707647191
2023-12-25,55.29949944382648,5720300,899,304986.17244373204,298424.1846248989
2023-12-26,55.66493636972538,10476300,1493,453880.28199374274,413411.3080986485
2023-12-27,55.91553595658073,13762600,2948,378152.35860802425,577199.8946018182
2023-12-28,56.048043224299064,16874100,1712,520457.0521279936,833265.5519845651
2024-01-02,56.46447437929213,11063200,1893,543505.6625800139,403302.78027270286
2024-01-03,56.002605400284224,15765400,2111,554957.0684038184,704190.6350372103
2024-01-04,55.42052270779777,18882400,2334,672200.096323837,864199.0571202468
2024-01-05,55.478534418948925,33693600,2702,1066231.7334992094,1071358.1078966672
2024-01-08,54.920390455531454,18846900,2305,678096.1543992624,733403.4009852313
2024-01-09,54.83081232492997,15180600,1785,405628.51953601954,743528.5009253101
2024-01-10,54.27317676143387,18680300,2427,709322.1265394136,753591.5844802567
2024-01-11,54.30515625,16269200,1600,629873.6531292214,728953.9547607272
2024-01-12,55.10871743486974,21194700,2495,731681.8076381392,518209.7199538968
2024-01-15,55.03168130489335,10152300,1594,423079.78758665285,612922.7180857648
2024-01-16,53.9145,24864400,2500,585691.7821067821,1768265.8152467958
2024-01-17,54.02415419648666,18387800,3074,514189.7803261547,741105.4562851513
2024-01-18,53.17000392618767,17873200,2547,557861.8489932125,516440.3041700718
2024-01-19,53.372747747747745,20573600,1776,705052.4084673017,384583.15539723437
2024-01-22,52.49241044323011,22319200,3294,593458.2140147878,911081.6357134758
2024-01-23,52.1067231484012,23282300,3659,682927.374949125,783625.2109066099
2024-01-24,52.48736241337138,28679600,2453,886564.4155278613,1248454.1089101576
2024-01-25,53.16036693191866,11072800,2262,516644.757193744,468450.0059050072
2024-01-26,52.362420269312544,31381200,2822,1025744.1198260896,1085743.2751047078
2024-01-29,52.250473484848484,13003000,3168,354056.8829533864,811191.1435872882
2024-01-30,52.76578102710414,12487200,2804,373107.51890570787,356109.0627261863
2024-01-31,52.18950975224038,14905000,1897,429236.0493341347,474630.9924801642
2024-02-01,52.62950391644909,12821400,1915,511793.53414922,319553.5678210678
2024-02-02,54.46291053227633,23749300,3532,767160.795544111,577687.5026831839
2024-02-05,54.796087888531616,18866300,2799,3556136.7082717847,471025.0095025854
2024-02-06,55.12062256809339,21144900,3598,789676.3989238351,638627.4673046252
2024-02-07,55.31654774972558,17475600,1822,3047931.7384191155,586724.4388211701
2024-02-08,54.621646995708154,20760800,1864,3821117.43422884,870166.7126175021
2024-02-09,54.11115668580804,12182700,1219,1833136.5521235168,485849.3590405102
2024-02-12,53.73280669144982,9334100,2152,2061274.4338980336,324202.5495091828
2024-02-13,54.01694393099199,15738700,1623,1901955.8022445734,608552.4850148605
2024-02-14,53.38492927094668,13590500,1838,2313425.06532851,552699.9961489408
2024-02-15,54.47921954314721,36790800,3152,925490.7392018329,811682.6828581869
2024-02-16,54.82511923688394,21643400,2516,648780.1248187426,451708.62965553626
2024-02-19,54.84306966618287,7473500,1378,380115.58385585237,296622.90187590185
2024-02-20,55.731063741721854,33775000,4832,5386091.469801728,588592.6668779557
2024-02-21,56.381858526089296,32530700,3718,5940798.7432068,781901.3373806375
2024-02-22,56.78108886866848,22255900,3297,3877503.358056701,480313.4899958073
2024-02-23,56.97463398025196,26851400,2937,3339828.783409629,1070985.5598672032
2024-02-27,58.99905263157895,59574800,7125,4795755.702099255,1149916.2524464093
2024-02-28,58.109234234234236,19341200,3330,2866208.9416671195,566817.6401012723
2024-02-29,57.543430656934305,35016200,4110,14260468.179759983,850637.5005422235
2024-03-01,57.71578590785908,18043600,2952,554784.119464666,531392.2880690738
2024-03-04,56.50074552683897,18718300,3018,3864338.8626220757,764365.016235866
2024-03-05,56.43410563029397,18581200,2007,2620469.607979589,1171626.8822359745
2024-03-06,57.628714943491,19800700,2389,3367658.0151159456,611019.1595630151
2024-03-07,57.829968595782866,18101600,2229,3961313.4701536037,586962.3471166776
2024-03-08,57.61579391891892,23129900,2960,4195784.362672754,1055473.1089795448
2024-03-11,57.08148875401642,15838200,2801,3370099.1828539465,946477.0522851173
2024-03-12,56.531120331950206,35645700,4097,3244755.9180617984,1457187.4354105766
2024-03-13,57.26037906137184,15754600,2770,3848399.0389121016,684560.1763996499
2024-03-14,57.371087080250426,25737500,3514,6936582.828563968,598982.864462214
2024-03-15,56.580062305295954,27857500,3210,13852617.240325464,1453863.1056372067
2024-03-18,56.72772491349481,33872600,3468,5140345.094125753,2375914.1783171743
2024-03-19,56.557193229901266,21890400,3545,3277212.4945370485,1298672.6393213177
2024-03-20,55.797569803516026,28339000,3868,3515589.624007107,630157.045631253
2024-03-21,54.74366582971924,54167400,4381,5487883.446576761,2348242.448369577
2024-03-22,54.52728208647907,38163400,5828,6761152.031619155,748410.8875606327
2024-03-25,54.249625468164794,21914300,4005,668215.6774591409,708082.6932726405
2024-03-26,54.58878198119397,19906000,4573,485362.2235673703,633748.5790835678
2024-03-27,54.779852092352094,5923400,2772,274284.93918732967,346454.5526695527
2024-03-28,54.6027673293928,15264700,1861,861579.2202553232,410381.4201142642
2024-03-29,54.62328767123287,4631400,1241,319999.4905174637,273618.39771339775
2024-04-01,54.362777926600586,21001300,3733,3635678.6311849514,896138.6738436955
2024-04-02,53.771904279564446,27928200,3949,4959259.70016095,949537.4701428969
2024-04-03,55.134703457751314,43077700,4367,5906720.161835041,1160722.4258323563
2024-04-04,55.297256097560975,24756700,1968,3657360.335377629,731957.8767030037
2024-04-05,55.429499426824606,13488700,2617,4826583.667442421,409521.5854772124
2024-04-09,56.20777777777778,33589600,3600,8974449.440285308,921567.6202485298
2024-04-10,56.74456278026906,35652400,4460,4414764.6513717575,631726.7973825258
2024-04-11,57.04846478025286,22036100,3322,2866065.3731009318,621729.6242759182
2024-04-17,54.92767084906809,64320600,8209,7828699.615319954,1004141.2749131043
2024-04-18,55.34933359088275,35227700,5177,4687662.054910747,1184379.380428664
2024-04-19,54.926774800188056,40134000,4254,5737678.319421952,992907.6944465268
2024-04-22,55.062781109445275,21480700,2668,3605904.5559515962,799271.6085719062
2024-04-23,56.635921118322514,30318200,4006,6443140.788168382,639238.45304826
2024-04-24,57.12762467191601,18348700,3810,2547179.46985089,605068.3018691507
2024-04-25,57.57578270785818,30714600,4823,5364854.053601117,812942.4003099212
2024-04-26,57.0110138378989,25835900,3541,2930579.788959772,884226.8377012184
2024-04-29,56.83694779116466,17724200,3735,2890530.3388999077,539939.5401705909
2024-04-30,57.81374125212786,32669100,5287,9947335.811946891,637119.597393112
2024-05-02,58.33391608391609,21905500,4004,3440401.4240124477,660921.7496880573
2024-05-03,58.16820557491289,19440900,2870,3017857.675311649,940177.873590714
2024-05-07,58.188366380066675,30874300,5699,677134.2786295529,722838.1780142162
2024-05-08,57.994442628309905,24918000,3059,9188482.440760532,746224.6610719792
2024-05-09,57.648668639053255,14313200,3042,3893107.8557850635,407756.3290782298
2024-05-10,58.499414519906324,39586100,3416,4821192.465089366,828577.8110138371
2024-05-13,60.59019583992215,75612900,8221,1063918.9408085304,1099134.833710423
2024-05-14,60.74308657732397,25588100,4701,601983.53821133,722529.9647612233
2024-05-15,60.6836096340319,18891800,3197,966631.1696377263,599692.1767722158
2024-05-16,59.37118964121932,36196300,3707,5281019.473594986,937291.6738199956
2024-05-17,58.89168200644271,28135800,4346,4445697.767797822,557619.2185321638
2024-05-20,58.673315740453276,37525400,3221,3616894.763840825,1161490.4135757852
2024-05-21,58.66987255133349,25656500,4237,6635488.404775391,597970.4451426546
2024-05-23,58.73419850997357,27079600,4161,3938568.115246314,778875.33556662
2024-05-24,58.555185537583256,13236900,2102,2232081.687575954,830410.3088610736
2024-05-27,58.47592463363573,7746300,1433,2599374.3671638817,520441.3950735969
2024-05-28,58.16158955565735,10653300,2183,3570210.817032891,484724.08005736955
2024-05-29,57.221869660727364,35691700,4097,5289804.627038322,978251.2156037203
2024-05-30,57.26275917065391,16382900,1881,3049025.9945285614,765889.5524691358
2024-05-31,57.565576024195764,44520600,3637,29030485.995309517,867385.1072811355
2024-06-04,57.53205305332965,23769700,3619,4225532.731079791,1087517.8298454762
2024-06-05,58.24284456186702,14410900,2271,4029025.2736185677,563755.2187267753
2024-06-06,58.1778085443038,18659400,2528,2997798.6351224724,729266.141559686
2024-06-07,58.06010659297276,14450100,2533,3073152.5429855557,713501.6823197617
2024-06-10,57.64802631578947,12541100,1596,2053632.3361470853,725050.0840896228
2024-06-11,57.07421150278293,21308300,2156,569306.282959381,684980.5758159044
2024-06-12,57.114172335600905,24378800,2205,604305.1518900023,773301.7326447995
2024-06-13,55.993412207582686,21920800,3719,457705.84284528706,711858.8457592543
2024-06-14,55.88859324386858,10653600,2161,1806529.9377185453,581249.4534494233
2024-06-17,55.564778518228145,14414500,2551,4215692.504982993,393949.69925907324
2024-06-18,55.74227799227799,18394700,2072,3043981.932002923,631764.0347885551
2024-06-19,54.493531202435314,35229500,3942,3837223.0835392294,996370.8664811654
2024-06-20,54.442472057856676,35186100,4563,5239649.223175825,1090773.0556002914
2024-06-21,54.06923575129534,45062400,3860,9128315.81679092,1253936.1393335673
2024-06-24,55.51105669338082,21708900,3369,728803.9400748579,583806.0092498249
2024-06-25,56.05898994132439,13387000,2386,501727.7092725807,750079.8768906024
2024-06-26,55.903673723536734,23299600,4015,3518789.957145599,896978.41307016
2024-06-27,55.737545018007204,16598000,1666,3478705.362147862,745774.7904007757
2024-06-28,55.26221033868093,25645200,2805,825703.4432388315,649917.4084178472
2024-07-01,55.43769470404985,13062600,1605,363399.4607098554,490001.8950417749
2024-07-02,55.22141472868217,14554900,1548,522845.7982295482,665130.6774836882
2024-07-03,55.08150851581509,11270200,1644,552063.6740741772,709515.7379842063
2024-07-04,55.40226095148375,21192900,2123,4106731.2828719364,1224002.617048956
2024-07-05,55.207850521436846,9844200,1726,516351.6666715104,528333.8278972489
2024-07-08,56.108916083916085,23103700,2860,691698.0843050723,677523.0023646964
2024-07-09,57.46589658965897,41478700,5454,803879.8035379344,951491.4082641398
2024-07-10,57.88177527405603,28051200,3284,745433.4672616954,1003227.6503799908
2024-07-11,57.53566194430874,23236100,2047,759775.655434714,795326.7151578193
2024-07-12,57.26038961038961,15873900,2310,596472.579215619,884166.3594019648
2024-07-15,56.90060896041757,18024800,2299,461280.8133942911,1003482.3545124191
2024-07-16,56.84893822393823,13495500,1554,462927.4127955378,692746.0069866494
2024-07-17,56.75620993589744,24124600,2496,1204958.8920816844,1493077.8283524984
2024-07-18,57.55700408997955,17837700,1956,2567412.2074690773,765712.6639185753
2024-07-19,57.30280172413793,13446000,1624,809710.8698903435,697581.1171806802
2024-07-23,56.81335213916314,17854800,2127,406906.23051784816,766089.1636328091
2024-07-24,55.999541564792175,22638600,3272,672983.6396184114,1057099.8932464249
2024-07-25,56.92230836427167,28739900,4579,964825.2252796071,1039596.6608803794
2024-07-26,56.70089430894309,18311200,3075,585128.2585154166,1069107.366378271
2024-07-30,56.34736842105263,23618700,3800,455501.1167278525,1262911.4133630125
2024-07-31,57.86460371819961,46687400,4088,1259633.7544078846,1162418.3001650677
2024-08-01,57.616180503615055,24398300,4011,594072.551713411,803515.3478446613
2024-08-02,57.34151892668903,12764800,2087,776126.0900119618,644296.8128245793
2024-08-05,56.494988498192576,35096900,3043,3446652.5212627025,1487600.2156745826
2024-08-06,56.85900473933649,19285500,2743,3070274.8885561046,868947.2336880107
2024-08-07,57.00352733686067,15247900,2268,2024157.203090664,695164.212542143
2024-08-08,57.01136363636363,149100,44,55300.0,4936.944444444444
2024-08-09,57.81829718504845,22600100,2167,3530554.3558982387,659560.787725317
2024-08-13,57.87668436096366,25386400,2449,4068470.516923962,789728.1451735244
2024-08-14,55.90531756840411,109103200,8077,8561827.179426359,1658873.9648562209
2024-08-15,55.66475964306275,58455600,6948,4252682.034676123,1340492.4764735335
2024-08-16,55.79205771938057,22942100,4262,3302357.6645244528,972894.697404305
2024-08-19,56.555127345844504,25954300,2984,4558593.705935416,879074.0171563267
2024-08-20,58.85037903122189,68244300,7783,5369210.688654626,1664791.995076409
2024-08-21,59.42759621586755,27067100,4651,3185234.389727318,819457.3418692084
2024-08-22,58.897598594299104,26103400,2561,3204057.731923639,1895864.5953240376
2024-08-23,59.78461063040791,23536100,3236,3200875.430921669,846340.4669074073
2024-08-26,59.8755640402638,19336200,2881,2327798.5300025265,949403.0312288047
2024-08-27,59.543189571150094,22627100,4104,2785792.712388729,893789.1120989815
2024-08-28,59.922588235294114,11309800,2125,2561896.1413393645,669712.7823445974
2024-08-29,60.02508519500189,12407000,2641,2298181.1896016025,517902.7881064414
2024-08-30,60.08915680046203,28480100,3463,14403759.205216963,552193.1679067374
2024-09-02,60.40312347486579,10836600,2049,1665049.2105725382,535341.3648312178
2024-09-03,60.59522222222222,14895600,2250,1996179.26647977,719027.9525521173
2024-09-04,60.35064935064935,1514200,77,115842.85714285714,37731.37254901961
2024-09-05,62.510503160242905,60831800,8069,5561734.509830551,1334990.5925543753
2024-09-06,64.85846783907492,87801200,8302,4816266.448973931,1613947.004039022
2024-09-09,66.06085554974734,53370900,5739,5480368.646829665,1319883.5172032581
2024-09-10,65.52253916642033,33244700,3383,4266734.297753159,1062104.505714244
2024-09-11,64.68068859569854,39086900,5533,2713705.4943663524,909810.3843427768
2024-09-12,65.16532258064517,2062500,124,173106.93244739756,21002.272727272728
2024-09-13,64.81439905469277,17148600,2962,3128365.1707855714,450172.6863618981
2024-09-16,65.31555353430353,30929200,3848,4200282.425352497,703576.8586033061
2024-09-17,65.2398917542184,20517100,3141,3107221.4402838578,673631.2149429705
2024-09-18,64.32038352272727,28670800,3520,4089764.3186371187,819241.7959590612
2024-09-19,64.48302469135803,5087900,324,57301.844266844266,48698.5724677214
2024-09-20,65.26358495205311,38334300,4067,11888402.581392962,771029.8832531018
2024-09-23,65.60664191419141,18659000,3636,3010588.9668882303,459201.9639398289
2024-09-24,65.22921212121211,39729500,4125,4360559.951177804,1281762.8768559897
2024-09-25,66.4654176904177,33502500,4070,3405643.359714955,776059.6833710094
2024-09-26,66.01501258540094,20829000,2781,2660962.9449102837,803995.8345812433
2024-09-27,66.34972527472527,29704400,2730,3941375.0309293224,833624.2670031167
2024-09-30,66.07488299531981,30585500,3205,10363338.566254772,717138.81662928
2024-10-01,65.5950495049505,32959500,3030,4187463.7067681,1026840.7985628833
2024-10-02,65.26383732703341,19776500,2963,2222453.1659419965,616999.4884882615
2024-10-03,64.92093356874862,32977300,4531,4732118.95310563,1174434.3163382767
2024-10-04,64.74404075355632,20960400,2601,7800390.992695419,684971.9144187365
2024-10-07,64.42587209302326,1812300,172,108698.4805764411,25162.09677419355
2024-10-08,64.665,1511700,150,144890.5090311987,45767.12387853693
2024-10-09,65.84577808792743,21067500,2866,4121848.9903683653,547252.3131419544
2024-10-10,65.96411425828133,21853100,2083,3610656.115021658,583245.574023856
2024-10-11,66.19847328244275,1137200,131,85934.72222222222,4139.074074074074
2024-10-15,64.98879690949228,29383300,4530,5181502.969693996,893172.970293014
2024-10-16,65.24575,32090700,3000,4421895.908789074,876420.6583931945
2024-10-17,65.77206036470342,24321200,4771,4719727.50771215,605515.9009711822
2024-10-18,67.35376707073807,51513200,6517,4151564.110334292,950721.5222462319
2024-10-21,67.00731477111846,18384200,2119,2994545.4466547165,1041069.1527195504
2024-10-22,66.57923930269413,26187900,2524,4274851.638104165,903934.3072809417
2024-10-24,64.97749120750294,26985300,4265,4570198.744898892,939799.0712399574
2024-10-25,64.54570328334009,16279900,2467,2634166.6419112734,797506.6746680585
2024-10-28,64.22009244154432,10836600,1839,2240020.9347295216,829733.7016550701
2024-10-29,64.11228876371183,19772900,3373,3664521.308542423,789935.2939818966
2024-10-30,63.82651124966115,19494700,3689,2705788.3269147044,738456.1147597906
2024-10-31,63.884240858505564,18962600,2516,8356703.961029439,504930.92982634297
2024-11-01,63.357398873527906,16370800,3906,2349731.5156320874,868620.9970931658
2024-11-04,64.55680621379673,14355100,3798,2697469.8964143503,493412.2787016905
2024-11-05,64.88042916235781,14551400,3868,3433227.310537905,339310.6206622265
2024-11-06,64.5154874746107,19153900,2954,2962293.8999978383,628302.1408815997
2024-11-07,63.87992527173913,13954000,1472,3041642.4671106674,695451.4783210984
2024-11-08,63.86967329545455,19791200,2816,2883947.1772570405,480843.3339146922
2024-11-11,63.56252067482633,19930600,3023,3584105.632393554,719130.7521236192
2024-11-12,62.9858726194193,14963900,3203,3424448.25680997,744937.374238742
2024-11-13,62.958333333333336,22196900,2154,3465684.4054684676,813753.8429172114
2024-11-14,63.99383041552415,35562300,4741,4356760.231999379,1033176.6158865346
2024-11-15,64.23005319148936,30423000,3572,2322502.4995944053,1043794.7514024932
2024-11-18,63.588134430727024,17102400,2187,3028140.438801204,631894.0238087032
2024-11-19,63.978094855305464,19313900,2488,3631095.440291853,569188.6408788861
2024-11-20,63.32035755478662,10279300,1734,1984099.0297615915,602004.9059896071
2024-11-21,63.660204081632656,17576000,1960,2882570.990716094,641896.2115484874
2024-11-22,63.28996819890142,24621900,3459,4267061.22293555,681066.154558201
2024-11-25,63.36395118733509,24753200,1516,13109612.169952258,629411.4336464286
2024-11-26,62.645402783635596,14101100,2371,2615623.7588114627,768871.8616736071
2024-11-27,61.85192780968006,21741100,3657,2755485.9310624925,925572.2606232753
2024-11-28,61.550634871477236,24416300,3229,2130897.421550796,800646.4872805713
2024-11-29,61.89899659219992,25215800,2641,7805920.315218726,859499.2862201148
2024-12-02,62.002262443438916,22892900,3315,3296997.891239141,655804.174331148
2024-12-03,63.454040404040406,25767400,4455,3406034.2849261416,528376.6374309745
2024-12-04,63.50169327527818,13830100,2067,4573861.301428866,547864.6905389297
2024-12-06,63.124230908432864,21730900,5526,3985408.718082253,540881.8337385316
2024-12-09,62.797251773049645,16851800,2820,4026877.139131864,539401.0155498509
2024-12-11,63.020622671633845,17017500,5637,3141289.8096042695,514173.2831522489
2024-12-12,62.43763736263736,14665400,4550,2798189.8862627777,461367.59967671055
2024-12-13,62.463527329925284,14181300,2543,1986504.2078525943,925503.8118426786
2024-12-16,58.61792991035045,101920900,12270,6104854.685402513,1845269.1176475305
2024-12-17,56.803106872912636,113694000,11378,12340372.42045724,1663426.9811391141
2024-12-18,56.303526876842824,73313000,8818,10311492.122544294,1985448.3867765937
2024-12-19,55.10955845873987,50908300,6047,4801393.522077101,1233250.5705818706
2024-12-20,53.92649842271293,64436600,7925,11686533.938897192,992857.7090549105
2024-12-23,54.93277961205118,44173200,4846,5661321.493470796,1054364.5846944882
2024-12-24,56.73902141501762,35767500,3689,3172039.90594623,643536.2974967826
2024-12-25,56.82244383310408,22186900,2181,3122666.268199359,726226.1382157385
2024-12-26,56.58778135048232,17841800,1555,1972571.2468261523,605084.7078248472
2024-12-27,56.536288570186876,20468100,2301,2955059.89850286,994175.0953109621
2024-12-30,55.91627604166667,21240700,1920,8703224.881095959,532232.252295439
2025-01-02,56.02539145154465,22590700,2363,4603548.361453096,794626.215757328
2025-01-03,55.80665914221219,15022600,2215,2521353.448729792,640641.5137824256
2025-01-06,55.95816326530612,15454700,1960,2939416.9110060157,982996.1715104259
2025-01-07,56.150848522941544,23831400,3182,4506045.780147214,1035017.9375661924
2025-01-08,56.097972972972975,17761800,2368,3045808.0999294184,679586.1295008139
2025-01-09,55.43695479777954,23427100,2522,2375378.196803197,1011580.9708578743
2025-01-10,55.12557793923382,26324200,3028,3910325.4079260826,914252.6658747079
2025-01-13,54.7035827395091,17199500,2526,3374354.6575089945,745672.5615952328
2025-01-14,54.624877650897226,30330600,3065,3566543.429488464,1133413.9376885288
2025-01-15,54.83956538762725,33944800,2554,3436596.5776840188,960374.2005290699
2025-01-16,56.10526315789474,25882800,2945,3436516.2564427997,856463.6206698269
2025-01-17,56.18961298932384,32643900,2248,7615195.170764666,931887.6212296586
2025-01-20,56.28203405017921,16185300,2232,2670420.4163466496,698768.5869571114
2025-01-21,57.1282320055905,24783400,2862,4318045.685511882,815013.8157685687
2025-01-22,56.157049375371805,28427100,3362,6615886.588800219,1210135.167929316
2025-01-23,55.36755044580009,17150300,4262,3497234.529476274,410562.6732382585
2025-01-24,55.23623099054665,16682000,2433,3803356.335039858,754124.1244466753
2025-01-27,55.695169712793735,16882500,1532,2594033.839412392,565495.004934134
2025-01-28,56.33325297332048,40441400,3111,3657229.0255970303,821858.2738401796
2025-01-29,56.683098591549296,10152700,1704,1306236.2843054254,574624.1745036573
2025-01-30,56.862989323843415,13644700,1686,1428453.7552324962,686369.4919990792
2025-01-31,52.9075424607805,155919300,15426,11850712.76035521,1598663.7785858475
2025-02-03,50.86169880378504,103159200,11202,4447640.841952793,1292345.710300187
2025-02-04,51.64820651358247,88906400,6663,6149115.954163758,2328418.206255982
2025-02-05,50.17920353982301,95391300,8362,8916145.425318219,1715044.6374254227
2025-02-06,48.464664237807405,141300900,12077,10899726.770391094,2035754.2146312862
2025-02-07,48.53513193003261,124024800,10119,7075974.853312438,1756391.6864470027
2025-02-10,49.933314143158704,36067500,5211,4690689.972539674,832785.0122820504
2025-02-11,50.448483496877785,42270800,3363,5270371.526774574,950144.4594267427
2025-02-13,50.73332632021881,39215800,4753,5733191.571585531,1403067.0328551333
2025-02-14,49.95639975735517,29148900,3297,4518100.095354887,1203037.597238825
2025-02-17,50.047858017135866,41567000,4085,3849392.8765035095,1121270.7734584706
2025-02-18,51.33328462887201,36168700,3422,4668443.206040755,936915.8971838339
2025-02-19,51.36541150619257,38592200,5006,4629682.932665205,985581.3309120565
2025-02-20,51.71117447221548,31870600,4121,4887889.493351822,867991.2480543863
2025-02-21,51.92249478079332,41576400,4790,5850566.410671054,1151907.327848193
2025-02-24,51.681749726177436,22640800,3652,2997074.428694511,904121.8782702892
2025-02-25,49.49188528234771,60395300,8996,5592722.096669534,1314835.8556635529
2025-02-26,52.76178197397652,112374400,12604,7410748.711999479,1510158.8255051302
2025-02-27,53.69694933202998,126524400,12276,10007338.549601695,1800447.0324080286
2025-02-28,52.93485256260239,82465100,8546,24353530.101450156,1243968.0333363991
2025-03-03,52.878902366275604,33515500,5029,5173090.310401361,998171.5228829884
2025-03-04,53.05843725126028,24338200,3769,3993565.5753171747,752940.7388412475
2025-03-05,52.41477838645418,32633200,4016,5079105.362090798,945489.4854969076
2025-03-06,52.27770727580372,39526100,4728,4427262.903191339,1860343.9743316292
2025-03-07,51.621537001897536,32492500,5270,4283168.987329271,1185396.2738915489
2025-03-10,50.97089632829373,28078200,4630,3460891.0245837686,1178726.1118120246
2025-03-11,50.498612579281186,38161100,3784,4634557.317764577,1585298.985589947
2025-03-12,50.54523896388179,25451900,2741,5004966.739247681,706253.999390288
2025-03-13,49.73803601042407,32719700,4221,4547667.451346764,808586.1230117588
2025-03-14,49.94164402173913,31453900,3680,4993554.562465466,810848.3214461418
2025-03-17,49.674461814454126,16559800,3902,3866405.890115917,390238.27979313437
2025-03-18,50.15113941018767,27384500,3730,4020728.787936188,699243.5974353857
2025-03-19,51.33658199195171,33602000,3976,4023086.2594635184,583549.7572684883
2025-03-20,51.23338485316847,18441000,2588,3203668.313999729,554022.0161022621
2025-03-21,50.75819672131148,27777600,4453,9631503.823987503,514751.6089204112
2025-03-24,50.670989537925024,15297800,2294,3288167.5984876365,491975.71027144714
2025-03-25,50.18197202166065,27054600,4432,2928716.595206389,563095.3446127111
2025-03-26,50.15088593576966,10825600,2709,2807164.6381056155,413088.2660039366
2025-03-27,50.281021155410905,20400500,2458,4651592.862819235,721489.6932912527
2025-03-28,49.91310873915944,13805700,1499,533572.2057886848,529425.8140266405
2025-03-31,49.72015306122449,20262400,3920,4288595.332459722,809493.1373438205
2025-04-01,49.980041152263375,15478000,2430,2413088.537561209,578125.9710813153
2025-04-02,50.502800896286814,20986700,3124,2918802.293765397,680859.6559768984
2025-04-03,50.711938498643356,18339000,3317,3178491.1674889317,575815.0223665575
2025-04-04,50.18451314217443,19000500,3348,3712045.139491829,602886.1995027527
2025-04-08,47.75394435746116,41686500,8303,7142114.067643736,785916.0594173693
2025-04-09,49.1612927641538,34109600,6606,5083350.365849176,813579.39524281
2025-04-10,50.92662145713789,34399300,5751,6144532.014619047,695302.865313367
2025-04-11,51.01372705506784,22279700,6265,3279022.177769581,465539.18175925186
2025-04-16,49.6091112393594,48260100,6931,4969010.453549994,872545.5501922127
2025-04-17,49.67711322003973,19679500,4531,3085737.5130145466,360216.49594837846
2025-04-18,50.029755579171095,12700100,1882,2398423.816888336,628666.0512710185
2025-04-21,50.19843324250681,36538200,3670,2745992.1503133485,1217062.2946865044
2025-04-22,50.18128212881766,33337000,3307,4552267.815745093,774017.9144899372
2025-04-23,50.54169038133182,22459400,3514,3763344.9997925786,706989.2366306299
2025-04-24,49.77007434944238,29863000,4035,4451337.681648108,971813.6948714262
2025-04-25,50.34214786832164,15802500,5559,3453767.789115548,485745.39264217863
2025-04-28,49.84278002699055,18680500,2223,2512933.761378914,901144.5122921094
2025-04-29,50.0876380126183,17404400,2536,4805459.428965882,955805.9202072438
2025-04-30,51.17824179149645,43361800,6609,8908652.628465332,658642.1593350614
2025-05-02,51.60682103939648,36170300,4772,4755984.310188353,956034.4778929444
